Type,Name,Request Count,Failure Count,Median Response Time,Average Response Time,Min Response Time,Max Response Time,Average Content Size,Requests/s,Failures/s,50%,66%,75%,80%,90%,95%,98%,99%,99.9%,99.99%,100%
GET,/courses?courseTitle=,15022,0,5000.0,5381.696104400214,298.20260000997223,17412.673600003473,2890.0,18.41197678576973,0.0,5000,5400,5900,6200,7400,8500,9200,9700,15000,17000,17000
,Aggregated,15022,0,5000.0,5381.696104400214,298.20260000997223,17412.673600003473,2890.0,18.41197678576973,0.0,5000,5400,5900,6200,7400,8500,9200,9700,15000,17000,17000
